Tour,Id_phrase,phrase,désaccord,lemmes
1,fradhds-upn_2283W_CR_CA_1984-12-17_TEI.s1,Le Président ouvre la séance à 13 h 45 et donne lecture des excuses et procurations .,False,le président ouvrir le séance à 13 heure 45 et donner lecture un excuse et procuration .
2,fradhds-upn_2283W_CR_CA_1984-12-17_TEI.s2,M. MASSON remet sa lettre de démission du conseil au Président et en distribue copie à l' assemblée .,False,Monsieur MASSON remettre son lettre de démission de+le conseil à+le président et en distribuer copie à le assemblée .
3,fradhds-upn_2283W_CR_CA_1984-12-17_TEI.s4,Le Président a été saisi par certaines personnes et organisations syndicales de l' Université des inquiétudes qu' elles nourrissaient à l' égard des problèmes de nettoyage dans l' Université depuis que l' entreprise AZURNET a remplacé la société ARCADE .,False,le président avoir être saisir par certain personne et organisation syndical de le université de+le inquiétude que eux nourrir à le égard de+le problème de nettoyage dans le université depuis que le entreprise AZURNET avoir remplacer le société ARCADE .
3,fradhds-upn_2283W_CR_CA_1984-12-17_TEI.s5,Le Président a transmis ces inquiétudes au Président Directeur Général de l' entreprise AZURNET avec son regret de constater que le changement de société se traduisait par un résultat peu satisfaisant en matière de nettoyage des locaux .,False,le président avoir transmettre ce inquiétude à+le président directeur général de le entreprise AZURNET avec son regret de constater que le changement de société se_expl traduire par un résultat peu satisfaisant en matière de nettoyage de+le local .
3,fradhds-upn_2283W_CR_CA_1984-12-17_TEI.s6,Le Directeur d' exploitation de l' entreprise AZURNET a fait la réponse suivante ( voir annexe N° 1 ) .,False,le directeur de exploitation de le entreprise AZURNET avoir faire le réponse suivant ( voir annexe N° 1 ) .
4,fradhds-upn_2283W_CR_CA_1984-12-17_TEI.s7,"Ayant terminé sa consultation des différentes organisations syndicales siégeant à la commission administrative , M. le Président a décidé de procéder à l' organisation des élections à la commission administrative paritaire locale en visant le mode de scrutin du conseil d' Université ;",False,"avoir terminer son consultation de+le différent organisation syndical siéger à le commission administratif , Monsieur le président avoir décider de procéder à le organisation de+le élection à le commission administratif paritaire local en viser le mode de scrutin de+le conseil de université ;"
4,fradhds-upn_2283W_CR_CA_1984-12-17_TEI.s8,il y aura donc deux collèges distincts ( Université - Bibliothèques ) .,False,il_expl y avoir donc deux collège distinct ( université - Bibliothèques ) .
4,fradhds-upn_2283W_CR_CA_1984-12-17_TEI.s9,Ces élections auront lieu le 7 février 1985 .,False,ce élection avoir lieu le 7 février 1985 .
4,fradhds-upn_2283W_CR_CA_1984-12-17_TEI.s10,La commission administrative est une commission importante .,False,le commission administratif être un commission important .
4,fradhds-upn_2283W_CR_CA_1984-12-17_TEI.s11,"Jusqu' à présent elle a fonctionné sur des bases assez floues , et il est temps de lui redonner une structure , d' autant que le résultat aux nouvelles élections permettra de constituer la C.T.P locale qui aura pour tâche d' examiner les conditions de travail , les problèmes de restructuration , d' hygiène et de sécurité , la C.A.P locale se chargeant des problèmes de personnels .",False,"jusque à présent lui avoir fonctionner sur un base assez flou , et il_expl être temps de lui redonner un structure , de autant que le résultat à+le nouveau élection permettre de constituer le C.T.P local qui avoir pour tâche de examiner le condition de travail , le problème de restructuration , de hygiène et de sécurité , le C.A.P local soi charger un problème de personnel ."
4,fradhds-upn_2283W_CR_CA_1984-12-17_TEI.s12,"En se répartissant les tâches , les deux commissions , bien que consultatives feront un travail plus efficace et plus régulier .",False,"en se_expl répartir le tâche , le deux commission , bien que consultatif faire un travail plus efficace et plus régulier ."
4,fradhds-upn_2283W_CR_CA_1984-12-17_TEI.s13,"En ce qui concerne la réforme des statuts et structures , M. le Président n' a reçu aucun texte d' application du Ministère .",False,"en ce qui concerner le réforme de+le statut et structure , Monsieur le président ne avoir recevoir aucun texte de application de+le ministère ."
4,fradhds-upn_2283W_CR_CA_1984-12-17_TEI.s14,"Néanmoins dès janvier , le conseil d' Université devrait s' interroger sur l' opportunité d' un calendrier de travail .",False,"néanmoins dès janvier , le conseil de université devoir soi interroger sur le opportunité de un calendrier de travail ."
5,fradhds-upn_2283W_CR_CA_1984-12-17_TEI.s15,Le Président ne pense pas que l' Université puisse aboutir à une réforme des statuts d' ici le mois de juin .,False,le président ne penser pas que le université pouvoir aboutir à un réforme de+le statut de ici le mois de juin .
5,fradhds-upn_2283W_CR_CA_1984-12-17_TEI.s16,Il est important et urgent de mener à bien les réformes pédagogiques déjà entreprises .,False,lui être important et urgent de mener à bien le réforme pédagogique déjà entreprendre .
6,fradhds-upn_2283W_CR_CA_1984-12-17_TEI.s17,M. LABUSSIERE fait part au conseil de l' inquiétude des étudiants de Sciences Economiques au sujet d' un éventuel déménagement des Sciences Economiques de Paris X à St Quentin-en-Yvelines .,False,Monsieur LABUSSIERE faire part à+le conseil de le inquiétude de+le étudiant de Sciences économique à+le sujet de un éventuel déménagement de+le science économique de Paris X à Saint Quentin-en-Yvelines .
7,fradhds-upn_2283W_CR_CA_1984-12-17_TEI.s18,"Le Président répond qu' un projet à St Quentin-en-Yvelines est en cours , mais il n' y aura pas de déménagement de l' U.E.R de Sciences Economiques à St Quentin .",False,"le président répondre que un projet à Saint Quentin-en-Yvelines être en cours , mais il_expl ne y avoir pas un déménagement de le U.E.R de Sciences économique à Saint Quentin ."
8,fradhds-upn_2283W_CR_CA_1984-12-17_TEI.s20,Le Président rend un hommage particulier à Mme BARTHELEMY et à M. LACHENAUD pour les conditions difficiles dans lesquelles ils ont dû travailler .,False,le président rendre un hommage particulier à Monsieur BARTHELEMY et à Monsieur LACHENAUD pour le condition difficile dans lequel eux avoir devoir travailler .
9,fradhds-upn_2283W_CR_CA_1984-12-17_TEI.s22,Mme BARTHELEMY précise que les calculs correspondant à la mise en place de la 2ème année des 1ers cycles rénovés en 84-85 ont été faits et transmis au Ministère .,False,Monsieur BARTHELEMY préciser que le calcul correspondre à le mise en place de le 2ème année de+le 1ers cycle rénover en 84-85 avoir être faire et transmettre à+le ministère .
9,fradhds-upn_2283W_CR_CA_1984-12-17_TEI.s23,"Les projets sont nombreux et plusieurs D.E.U.S.T sont créés : 1 en E.P.S , plusieurs en Sciences Economiques .",False,"le projet être nombreux et plusieurs D.E.U.S.T être créer : 1 en E.P.S , plusieurs en science économique ."
9,fradhds-upn_2283W_CR_CA_1984-12-17_TEI.s24,"En ce qui concerne les D.E.U.G , la rénovation s' étend cette année aux secteur: des Lettres , Philosophie , Histoire de l' Art , Droit , Sciences Economiques .",False,"en ce qui concerner le D.E.U.G , le rénovation se_expl étendre ce année à+le secteur: de+le lettre , philosophie , histoire de le art , droit , science économique ."
10,fradhds-upn_2283W_CR_CA_1984-12-17_TEI.s25,M. VIGIER pense qu' il ne faut pas créer de nouveaux D.E.U.G ou D.E.U.S.T au détriment de ce qui existe et qui parait prioritaire .,False,Monsieur VIGIER penser que il_expl ne falloir pas créer un nouveau D.E.U.G ou D.E.U.S.T à+le détriment de ce qui exister et qui parer prioritaire .
11,fradhds-upn_2283W_CR_CA_1984-12-17_TEI.s26,"M. IMBERTY l' informe que l' Université a reçu un telex du Ministère , lui proposant une liste de 5 emplois prioritaires pour mettre en place les 2èmes années de 1er cycle .",False,"Monsieur IMBERTY lui informer que le université avoir recevoir un telex de+le ministère , lui proposer un liste de 5 emploi prioritaire pour mettre en place le 2ème année de 1er cycle ."
11,fradhds-upn_2283W_CR_CA_1984-12-17_TEI.s27,Il a dû se prononcer dans les 24 h sur la liste qui comportait dans l' ordre / les emplois suivants :,False,lui avoir devoir soi prononcer dans le 24 heure sur le liste qui comporter dans le ordre / le emploi suivant :
11,fradhds-upn_2283W_CR_CA_1984-12-17_TEI.s28,1 Professeur d' informatique ( S.H.C ) ;,False,1 professeur de informatique ( S.H.C ) ;
11,fradhds-upn_2283W_CR_CA_1984-12-17_TEI.s29,1 Maître-Assistant de Psychologie ;,False,1 maître-assistant de Psychologie ;
11,fradhds-upn_2283W_CR_CA_1984-12-17_TEI.s30,1 Professeur d' Anglais ( Langues appliquées et Civilisations ) ;,False,1 professeur de anglais ( langue appliqué et civilisation ) ;
11,fradhds-upn_2283W_CR_CA_1984-12-17_TEI.s31,1 Maître-Assistant de Droit Privé pour l' A.E.S ;,False,1 maître-assistant de droit privé pour le A.E.S ;
11,fradhds-upn_2283W_CR_CA_1984-12-17_TEI.s32,1 Professeur de Sciences Economiques pour Sciences Economiques / Langues .,False,1 professeur de science économique pour Sciences économique / Langues .
11,fradhds-upn_2283W_CR_CA_1984-12-17_TEI.s33,L' Université a gardé le même ordre de priorité .,False,le université avoir garder le même ordre de priorité .
11,fradhds-upn_2283W_CR_CA_1984-12-17_TEI.s34,Finalement le Ministère n' a donné que 3 postes qui viennent d' être publiés au B.O .,False,finalement le ministère ne avoir donner que 3 poste qui venir de être publier à+le B.O .
11,fradhds-upn_2283W_CR_CA_1984-12-17_TEI.s35,"L' Université dispose donc des 3 créations suivantes , au titre de la mise en place des 2èmes années :",False,"le université disposer donc un 3 création suivant , à+le titre de le mise en place de+le 2ème année :"
11,fradhds-upn_2283W_CR_CA_1984-12-17_TEI.s36,1 Maître-Assistant de Psychologie Sociale,False,1 maître-assistant de psychologie social
11,fradhds-upn_2283W_CR_CA_1984-12-17_TEI.s37,1 Maître-Assistant de Droit Privé pour l' A.E.S,False,1 maître-assistant de droit privé pour le A.E.S
11,fradhds-upn_2283W_CR_CA_1984-12-17_TEI.s38,1 Professeur Certifié d' Anglais .,False,1 professeur certifier de anglais .
11,fradhds-upn_2283W_CR_CA_1984-12-17_TEI.s39,"La politique du Ministère est extrêmement floue , car il avait été dit que l' accent serait mis sur les moyens permettant de continuer ce qui avait été mis en place ;",False,"le politique de+le ministère être extrêmement flou , car lui avoir être dire que le accent être mettre sur le moyen permettre de continuer ce qui avoir être mettre en place ;"
11,fradhds-upn_2283W_CR_CA_1984-12-17_TEI.s40,"or , le Ministère demande maintenant de privilégier de nouvelles formations , notamment les D.E.U.S.T , et l' Université aura à établir une liste de 10 demandes de créations d' emplois pour les nouvelles 1ères années .",False,"or , le ministère demander maintenant de privilégier un nouveau formation , notamment le D.E.U.S.T , et le université avoir à établir un liste de 10 demande de création de emploi pour le nouveau 1ère année ."
12,fradhds-upn_2283W_CR_CA_1984-12-17_TEI.s41,"Mme BARTHELEMY ajoute que le Ministère autorise des charges d' enseignement , pour les 2èmes années , supérieures aux normes garacès appliquées aux 2èmes années .",False,"Monsieur BARTHELEMY ajouter que le ministère autoriser de+le charge de enseignement , pour le 2ème année , supérieur à+le norme garacès appliquer à+le 2ème année ."
12,fradhds-upn_2283W_CR_CA_1984-12-17_TEI.s42,1 ) Elargissement de certaines formations mises en places à la rentrée 84 : dans les D.E.U.G Economie / Langues et Droit / Langues .,False,1 ) elargissement de certain formation mettre en place à le rentrée 84 : dans le D.E.U.G économie / Langues et droit / Langues .
12,fradhds-upn_2283W_CR_CA_1984-12-17_TEI.s43,Seule la spécialisation Anglais a été retenue .,False,seul le spécialisation anglais avoir être retenir .
12,fradhds-upn_2283W_CR_CA_1984-12-17_TEI.s44,L' Université demande donc la poursuite de cette expérience en Allemand - Espagnol - Italien .,False,le université demander donc le poursuite de ce expérience en allemand - espagnol - italien .
12,fradhds-upn_2283W_CR_CA_1984-12-17_TEI.s45,Le schéma des études serait identique .,False,le schéma de+le étude être identique .
13,fradhds-upn_2283W_CR_CA_1984-12-17_TEI.s46,"M. PIARD présente le D.E.U.S.T élaboré par l' U.E.R d' E.P.S , intitulé "" animation , entraînement et gestion des Activités Physiques et Sportives "" .",False,"Monsieur PIARD présenter le D.E.U.S.T élaborer par le U.E.R de E.P.S , intituler "" animation , entraînement et gestion de+le activité physique et sportif "" ."
13,fradhds-upn_2283W_CR_CA_1984-12-17_TEI.s47,"La volonté de l' U.E.R d' E.P.S est de mettre en place une formation qui réponde aux besoins d' animation , entraînement et gestion des A.P.S dans les secteurs associatif , corporatif et municipal .",False,"le volonté de le U.E.R de E.P.S être de mettre en place un formation qui répondre à+le besoin de animation , entraînement et gestion de+le A.P.S dans le secteur associatif , corporatif et municipal ."
13,fradhds-upn_2283W_CR_CA_1984-12-17_TEI.s48,"Des contacts ont été pris avec les secteurs d' embauche éventuels ( Ministère de la Jeunesse et des Sports , I.N.S , OMS , O.C.A.J , etc... ) .",False,"un contact avoir être prendre avec le secteur de embauche éventuel ( ministère de le jeunesse et de+le sport , I.N.S , Oms , O.C.A.J , etc... ) ."
13,fradhds-upn_2283W_CR_CA_1984-12-17_TEI.s49,Ce D.E.U.S.T est appelé à prendre un développement important .,False,ce D.E.U.S.T être appeler à prendre un développement important .
14,fradhds-upn_2283W_CR_CA_1984-12-17_TEI.s50,Le Président rappelle que la création de D.E.U.S.T demande des moyens nouveaux et spécifiques .,False,le président rappeler que le création de D.E.U.S.T demander un moyen nouveau et spécifique .
14,fradhds-upn_2283W_CR_CA_1984-12-17_TEI.s51,Les D.E.U.S.T ne doivent pas obérer les capacités d' accueil des autres disciplines ou formations .,False,le D.E.U.S.T ne devoir pas obérer le capacité de accueil de+le autre discipline ou formation .
15,fradhds-upn_2283W_CR_CA_1984-12-17_TEI.s52,Mme BARTHELEMY précise que des passerelles sont prévues à tout instant entre les deux diplômes D.E.U.G - D.E.U.S.T.,False,Monsieur BARTHELEMY préciser que un passerelle être prévoir à tout instant entre le deux diplôme D.E.U.G - D.E.U.S.T.
16,fradhds-upn_2283W_CR_CA_1984-12-17_TEI.s54,"Mme PAUTI précise au conseil que pour ce nouveau projet le conseil d' U.E.R a repris le schéma pédagogique de l' an dernier , en tenant compte des remarques du Ministère sur le semestre d' accueil et d' orientation .",False,"Monsieur PAUTI préciser à+le conseil que pour ce nouveau projet le conseil de U.E.R avoir reprendre le schéma pédagogique de le an dernier , en tenir compte un remarque de+le ministère sur le semestre de accueil et de orientation ."
16,fradhds-upn_2283W_CR_CA_1984-12-17_TEI.s55,"Il est prévu différents modules pour le 1er semestre , ils comportent tous un minimum d' enseignements fondamentaux pour permettre aux étudiants indécis d' affiner leur choix : tronc commun - Introduction au Droit , introduction aux institutions politiques .",False,"lui être prévoir différent module pour le 1er semestre , eux comporter tout un minimum de enseignement fondamental pour permettre à+le étudiant indécis de affiner son choix : tronc commun - introduction à+le droit , introduction à+le institution politique ."
16,fradhds-upn_2283W_CR_CA_1984-12-17_TEI.s56,Les étudiants choisiront en plus l' un des quatre modules ci-dessous :,False,le étudiant choisir en plus le un de+le quatre module ci-dessous :
16,fradhds-upn_2283W_CR_CA_1984-12-17_TEI.s57,D.E.U.G Droit : Introduction aux Sciences Economiques Introduction aux Sciences Sociales,False,D.E.U.G droit : introduction à+le science économique introduction à+le science social
16,fradhds-upn_2283W_CR_CA_1984-12-17_TEI.s58,D.E.U.G Droit-Sciences Economiques : 2 enseignements de Sciences Economiques,False,D.E.U.G droit-sciences économique : 2 enseignement de science économique
16,fradhds-upn_2283W_CR_CA_1984-12-17_TEI.s59,D.E.U.G Droit-Langues : - initiation aux Sciences Economiques - Langues,False,D.E.U.G Droit-Langues : - initiation à+le science économique - Langues
16,fradhds-upn_2283W_CR_CA_1984-12-17_TEI.s60,D.E.U.G Droit-Lettres : - initiation aux Sciences Economiques - Lettres,False,D.E.U.G Droit-Lettres : - initiation à+le science économique - lettre
16,fradhds-upn_2283W_CR_CA_1984-12-17_TEI.s61,Des séries de conférences sur les métiers sont également prévues tout au long du 1er semestre .,False,un série de conférence sur le métier être également prévoir tout à+le long de+le 1er semestre .
16,fradhds-upn_2283W_CR_CA_1984-12-17_TEI.s62,"Au terme de ce premier semestre , une orientation incitative est envisagée avec si besoin est , entretien d' orientation .",False,"à+le terme de ce premier semestre , un orientation incitatif être envisager avec si besoin être , entretien de orientation ."
16,fradhds-upn_2283W_CR_CA_1984-12-17_TEI.s63,Orientations possibles :,False,orientation possible :
16,fradhds-upn_2283W_CR_CA_1984-12-17_TEI.s64,vers le D.E.U.G à dominante juridique ( réorientation possible pour les étudiants ayant choisi les modules 2 / 3/ 4 ) ;,False,vers le D.E.U.G à dominante juridique ( réorientation possible pour le étudiant avoir choisir le module 2 / 3/ 4 ) ;
16,fradhds-upn_2283W_CR_CA_1984-12-17_TEI.s65,abandon de la dominante juridique et choix de l' autre discipline ;,False,abandon de le dominante juridique et choix de le autre discipline ;
16,fradhds-upn_2283W_CR_CA_1984-12-17_TEI.s66,poursuite dans des D.E. U.G bidisciplinaires,False,poursuite dans un D.E. U.G bidisciplinaire
16,fradhds-upn_2283W_CR_CA_1984-12-17_TEI.s67,"En ce qui concerne le contenu des programmes , 3 grands axes sont retenus : l' état , la personne et l' entreprise .",False,"en ce qui concerner le contenu de+le programme , 3 grand axe être retenir : le état , le personne et le entreprise ."
16,fradhds-upn_2283W_CR_CA_1984-12-17_TEI.s68,"L' originalité de cette proposition , au point de vue pédagogique est d' instaurer des groupes de travail pour l' apprentissage des méthodes .",False,"le originalité de ce proposition , à+le point de vue pédagogique être de instaurer un groupe de travail pour le apprentissage de+le méthode ."
16,fradhds-upn_2283W_CR_CA_1984-12-17_TEI.s69,"De nouveaux moyens pédagogiques et administratifs sont nécessaires pour le fonctionnement de cette structure , notamment pour maîtriser les flux d' étudiants à l' issue du 1er semestre , le système risquant de présenter des dysfonctionnements sérieux .",False,"un nouveau moyen pédagogique et administratif être nécessaire pour le fonctionnement de ce structure , notamment pour maîtriser le flux de étudiant à le issue de+le 1er semestre , le système risquer de présenter un dysfonctionnement sérieux ."
17,fradhds-upn_2283W_CR_CA_1984-12-17_TEI.s70,M. DHOMBRES demande quelle sera la situation à l' issue du 1er semestre pour les D.E.U.G Droit / Langue .,False,Monsieur DHOMBRES demander quel être le situation à le issue de+le 1er semestre pour le D.E.U.G droit / langue .
18,fradhds-upn_2283W_CR_CA_1984-12-17_TEI.s71,Mme PAUTI lui répond qu' une réunion d' information doit se tenir le 19 décembre avec les étudiants de Droit /Langue .,False,Monsieur PAUTI lui répondre que un réunion de information devoir se_expl tenir le 19 décembre avec le étudiant de droit /Langue .
19,fradhds-upn_2283W_CR_CA_1984-12-17_TEI.s72,"Mme BARTHELEMY ajoute que s' agissant d' un nouveau projet , les lycéens qui se sont inscrits dans ces filières étaient un peu "" perdus "" .",False,"Monsieur BARTHELEMY ajouter que se_expl agir de un nouveau projet , le lycéen qui se_expl être inscrire dans ce filière être un peu "" perdre "" ."
19,fradhds-upn_2283W_CR_CA_1984-12-17_TEI.s73,C' est une leçon à tirer pour les inscriptions à venir .,False,ce être un leçon à tirer pour le inscription à venir .
20,fradhds-upn_2283W_CR_CA_1984-12-17_TEI.s74,Mme TEILLET précise que l' administration réfléchit à un système d' inscription administrative opérationnel à la rentrée prochaine .,False,Monsieur Teillet préciser que le administration réfléchir à un système de inscription administratif opérationnel à le rentrée prochain .
21,fradhds-upn_2283W_CR_CA_1984-12-17_TEI.s75,M. LARUELLE demande à Mme PAUTI si elle accepterait une combinaison Droit/ Philosophie .,False,Monsieur LARUELLE demander à Monsieur PAUTI si lui accepter un combinaison Droit/ philosophie .
22,fradhds-upn_2283W_CR_CA_1984-12-17_TEI.s76,"Mme PAUTI avait cru comprendre que dans le Droit / Lettres , il y avait de la Philosophie M. le Président IMBERTY pense que cela peut être envisagé .",False,"Monsieur PAUTI avoir croire comprendre que dans le droit / lettre , il_expl y avoir de le philosophie Monsieur le président IMBERTY penser que cela pouvoir être envisager ."
23,fradhds-upn_2283W_CR_CA_1984-12-17_TEI.s78,M. ABECASSIS présente deux documents .,False,Monsieur ABECASSIS présenter deux document .
23,fradhds-upn_2283W_CR_CA_1984-12-17_TEI.s79,"Le projet de 1er cycle de Sciences Economiques , de gestion , de mathématiques et d' informatique offre plusieurs formations ( D.E.U.G et D.E.U.S.T ) .",False,"le projet de 1er cycle de science économique , de gestion , de mathématique et de informatique offrir plusieurs formation ( D.E.U.G et D.E.U.S.T ) ."
23,fradhds-upn_2283W_CR_CA_1984-12-17_TEI.s80,"Le premier semestre est indifférencié entre D.E.U.G et D.E.U.S.T ( 4 U.P sont offertes : A. Economie-Droit , B. Economie-Langue , C. Economie-Mathématiques appliquées , D. Economie ) .",False,"le premier semestre être indifférencier entre D.E.U.G et D.E.U.S.T ( 4 U.P être offrir : A. economie-droit , B. Economie-Langue , C. Economie-Mathématiques appliqué , D. économie ) ."
23,fradhds-upn_2283W_CR_CA_1984-12-17_TEI.s81,L' orientation des étudiants se fera vers les D.E.U.G en fonction des choix et après entretiens d' orientation ;,False,le orientation de+le étudiant se_expl faire vers le D.E.U.G en fonction de+le choix et après entretien de orientation ;
23,fradhds-upn_2283W_CR_CA_1984-12-17_TEI.s82,"pour les D.E.U.S.T , elle se fera après entretien avec une commission d' orientation spécifique à chaque D.E.U.S.T.",False,"pour le D.E.U.S.T , lui se_expl faire après entretien avec un commission de orientation spécifique à chaque D.E.U.S.T."
23,fradhds-upn_2283W_CR_CA_1984-12-17_TEI.s83,"Les D.E.U.S.T font l' objet d' une capacité d' accueil , les admissions ne seront pas automatiques .",False,"le D.E.U.S.T faire le objet de un capacité de accueil , le admission ne être pas automatique ."
23,fradhds-upn_2283W_CR_CA_1984-12-17_TEI.s84,"En ce qui concerne les D.E.U.S.T , des passerelles sont envisagées pour un retour des étudiants en D.E.U.G :",False,"en ce qui concerner le D.E.U.S.T , un passerelle être envisager pour un retour de+le étudiant en D.E.U.G :"
23,fradhds-upn_2283W_CR_CA_1984-12-17_TEI.s85,fin de 1ère année : passage automatique si les notes obtenues aux matières fondamentales sont supérieures à 10 / 20 ;,False,fin de 1ère année : passage automatique si le note obtenir à+le matière fondamental être supérieur à 10 / 20 ;
23,fradhds-upn_2283W_CR_CA_1984-12-17_TEI.s86,"fin de seconde année : D.E.U.S.T acquis , les étudiants déposeront leur dossier à la commission d' équivalence concernée .",False,"fin de second année : D.E.U.S.T acquérir , le étudiant déposer son dossier à le commission de équivalence concerner ."
23,fradhds-upn_2283W_CR_CA_1984-12-17_TEI.s87,Les enseignements à rattraper seront minimes,False,le enseignement à rattraper être minime
24,fradhds-upn_2283W_CR_CA_1984-12-17_TEI.s88,M. ABECASSIS précise que tous ces projets concernent l' U.E.R de Sciences Economiques de Nanterre pour l' an prochain .,False,Monsieur ABECASSIS préciser que tout ce projet concerner le U.E.R de Sciences économique de Nanterre pour le an prochain .
24,fradhds-upn_2283W_CR_CA_1984-12-17_TEI.s89,"D' autres projets concernent St Quentin-en-Yvelines , mais ils sont indépendant de ce qui est présenté dans ce dossier .",False,"un autre projet concerner Saint Quentin-en-Yvelines , mais eux être indépendant de ce qui être présenter dans ce dossier ."
25,fradhds-upn_2283W_CR_CA_1984-12-17_TEI.s90,M. LABUSSIERE demande si ces projets ont été adoptés par le conseil de l' U.E.R de Sciences Economiques .,False,Monsieur LABUSSIERE demander si ce projet avoir être adopter par le conseil de le U.E.R de Sciences économique .
26,fradhds-upn_2283W_CR_CA_1984-12-17_TEI.s91,"Le quorum n' ayant pas été atteint , M. ABECASSIS répond qu' il n' y a pas eu de vote effectif , mais une position de principe favorable du conseil de l' U.E.R .",False,"le quorum ne avoir pas être atteindre , Monsieur ABECASSIS répondre que il_expl ne y avoir pas avoir un vote effectif , mais un position de principe favorable de+le conseil de le U.E.R ."
26,fradhds-upn_2283W_CR_CA_1984-12-17_TEI.s92,Projet Lettres-Philosophie-Histoire de l' Art présenté par Mme BOULESTREAU,False,Projet Lettres-Philosophie-Histoire de le art présenter par Monsieur BOULESTREAU
26,fradhds-upn_2283W_CR_CA_1984-12-17_TEI.s93,Intitulé du projet : LETTRES - PHILOSOPHIE - HISTOIRE DE L' ART,False,intituler de+le projet : lettre - PHILOSOPHIE - histoire de le art
26,fradhds-upn_2283W_CR_CA_1984-12-17_TEI.s94,Semestre d' orientation et premier cycle articulé sur des formations doubles assorties d' éléments de pré-professionnalisation,False,semestre de orientation et premier cycle articuler sur un formation double assortir de élément de pré-professionnalisation
26,fradhds-upn_2283W_CR_CA_1984-12-17_TEI.s95,U.E.R concernées par le projet en 1985 :,False,U.E.R concerner par le projet en 1985 :
26,fradhds-upn_2283W_CR_CA_1984-12-17_TEI.s96,Lettres anciennes et modernes et Linguistique,False,lettre ancien et moderne et linguistique
26,fradhds-upn_2283W_CR_CA_1984-12-17_TEI.s97,"Philosophie , Histoire de l' Art",False,"philosophie , histoire de le art"
26,fradhds-upn_2283W_CR_CA_1984-12-17_TEI.s98,Histoire,False,histoire
26,fradhds-upn_2283W_CR_CA_1984-12-17_TEI.s99,Objectifs de la réforme,False,objectif de le réforme
26,fradhds-upn_2283W_CR_CA_1984-12-17_TEI.s100,"Les trois disciplines associées ont des préoccupations communes : préserver la formation de leurs spécialistes , regrouper les potentiels intéressés par les formations à finalité culturelle et le savoir critique sans pour autant constituer un bastion qui renoncerait à intervenir dans les formations extérieures à leur ensemble .",False,"le trois discipline associer avoir un préoccupation commun : préserver le formation de son spécialiste , regrouper le potentiel intéresser par le formation à finalité culturel et le savoir critique sans pour autant constituer un bastion qui renoncer à intervenir dans le formation extérieur à son ensemble ."
26,fradhds-upn_2283W_CR_CA_1984-12-17_TEI.s101,Les objectifs de la réforme sont les suivants :,False,le objectif de le réforme être le suivant :
26,fradhds-upn_2283W_CR_CA_1984-12-17_TEI.s102,permettre à une partie des étudiants de l' Université de préciser leurs goûts et leur aptitudes .,False,permettre à un partie de+le étudiant de le université de préciser son goût et son aptitude .
26,fradhds-upn_2283W_CR_CA_1984-12-17_TEI.s103,"fournir à tous ces étudiants , quel que soit leur itinéraire ultérieur , un complément de formation par l' initiation à la méthode de disciplines diverses et à l' utilisation de plusieurs vocabulaires techniques .",False,"fournir à tout ce étudiant , quel que être son itinéraire ultérieur , un complément de formation par le initiation à le méthode de discipline divers et à le utilisation de plusieurs vocabulaire technique ."
26,fradhds-upn_2283W_CR_CA_1984-12-17_TEI.s104,"assurer à chacun , en quatre semestres , l' acquisition méthodique de connaissances limitées mais cohérentes , permettant soit une base solide d' études de deuxième cycle , soit un bagage utilisable dans la vie professionnelle .",False,"assurer à chacun , en quatre semestre , le acquisition méthodique de connaissance limité mais cohérent , permettre soit un base solide de étude de deuxième cycle , soit un bagage utilisable dans le vie professionnel ."
26,fradhds-upn_2283W_CR_CA_1984-12-17_TEI.s105,assurer à chacun une initiation théorique et pratique à un ou plusieurs secteurs d' activités .,False,assurer à chacun un initiation théorique et pratique à un ou plusieurs secteur de activité .
26,fradhds-upn_2283W_CR_CA_1984-12-17_TEI.s106,"Cette réforme prolonge les efforts accomplis notamment par l' U.E.R de Lettres dont les propositions ( suivies de réalisation sans contrat cette année ) sont enrichies et intégrées dans un véritable premier cycle d' orientation associant deux disciplines au choix parmi les trois , plus un enseignement d' Histoire , ou les trois disciplines .",False,"ce réforme prolonger le effort accomplir notamment par le U.E.R de lettre dont le proposition ( suivre de réalisation sans contrat ce année ) être enrichir et intégrer dans un véritable premier cycle de orientation associer deux discipline à+le choix parmi le trois , plus un enseignement de histoire , ou le trois discipline ."
26,fradhds-upn_2283W_CR_CA_1984-12-17_TEI.s107,"Enfin , le regroupement permet de mieux organiser les doubles D.E.U.G qui caractérisent Nanterre depuis quelques années en renforçant la concertation administrative et pédagogique .",False,"enfin , le regroupement permettre de mieux organiser le double D.E.U.G qui caractériser Nanterre depuis quelque année en renforcer le concertation administratif et pédagogique ."
26,fradhds-upn_2283W_CR_CA_1984-12-17_TEI.s108,Après le semestre d' orientation tout étudiant peut choisir entre la formation monodisciplinaire et l' acquisition simultanée de deux D.E.U.G .,False,après le semestre de orientation tout étudiant pouvoir choisir entre le formation monodisciplinaire et le acquisition simultané de deux D.E.U.G .
26,fradhds-upn_2283W_CR_CA_1984-12-17_TEI.s109,La participation des historiens au projet pédagogique a levé un obstacle important en ajoutant une dimension méthodologique et culturelle indispensable .,False,le participation de+le historien à+le projet pédagogique avoir lever un obstacle important en ajouter un dimension méthodologique et culturel indispensable .
26,fradhds-upn_2283W_CR_CA_1984-12-17_TEI.s110,"N.B. : l' U.E.R de Droit , en association avec les U.E.R de Philosophie et de Lettres prévoit un semestre bi-disciplinaire qui complète le dispositif d' orientation .",False,"N.B. : le U.E.R de droit , en association avec le U.E.R de philosophie et de lettre prévoir un semestre bi-disciplinaire qui compléter le dispositif de orientation ."
26,fradhds-upn_2283W_CR_CA_1984-12-17_TEI.s111,Le semestre d' orientation offre 4 possibilités :,False,le semestre de orientation offrir 4 possibilité :
26,fradhds-upn_2283W_CR_CA_1984-12-17_TEI.s112,Lettres classiques ou modernes / Philosophie / Histoire,False,lettre classique ou moderne / philosophie / histoire
26,fradhds-upn_2283W_CR_CA_1984-12-17_TEI.s113,Lettres classiques ou modernes / Histoire de l' Art / Histoire,False,lettre classique ou moderne / histoire de le art / histoire
26,fradhds-upn_2283W_CR_CA_1984-12-17_TEI.s114,Philosophie / Histoire de l' Art / Histoire,False,philosophie / histoire de le art / histoire
26,fradhds-upn_2283W_CR_CA_1984-12-17_TEI.s115,Lettres classiques ou modernes / Histoire de l' Art / Philosophie,False,lettre classique ou moderne / histoire de le art / philosophie
26,fradhds-upn_2283W_CR_CA_1984-12-17_TEI.s116,Conférences et pré-module finalisé pour les 4 .,False,conférence et pré-module finaliser pour le 4 .
27,fradhds-upn_2283W_CR_CA_1984-12-17_TEI.s117,M. VIGIER redoute que les historiens ne soient que de simples prestataires de service .,False,Monsieur VIGIER redouter que le historien ne être que un simple prestataire de service .
27,fradhds-upn_2283W_CR_CA_1984-12-17_TEI.s118,Il regrette de ne pas être associé à l' Histoire de l' Art .,False,lui regretter de ne pas être associer à le histoire de le art .
27,fradhds-upn_2283W_CR_CA_1984-12-17_TEI.s119,Il souhaite que les formations se ressemblent plus dans leur cheminement .,False,lui souhaiter que le formation se_expl ressembler plus dans son cheminement .
27,fradhds-upn_2283W_CR_CA_1984-12-17_TEI.s120,"En outre , il estime que le semestre d' orientation n' est pas pluridisciplinaire , mais une simple juxtaposition de groupes existants auparavant , puisqu' au 2ème semestre , il n' en est plus question .",False,"en outre , lui estimer que le semestre de orientation ne être pas pluridisciplinaire , mais un simple juxtaposition de groupe existant auparavant , puisque à+le 2ème semestre , lui ne en être plus question ."
27,fradhds-upn_2283W_CR_CA_1984-12-17_TEI.s121,Peut -on appeler cela une réforme de fond de la pluridisciplinarité ?,False,pouvoir on appeler cela un réforme de fond de le pluridisciplinarité ?
28,fradhds-upn_2283W_CR_CA_1984-12-17_TEI.s122,"Mme MALDIDIER reconnaît que dans le projet Droit-Lettres , il est excellent que les étudiants de Lettres ayant fait du Droit et des Lettres , puissent reprendre du Droit la 2ème année dans le cadre du module juridique .",False,"Monsieur MALDIDIER reconnaître que dans le projet Droit-Lettres , il_expl être excellent que le étudiant de lettre avoir faire de+le droit et de+le lettre , pouvoir reprendre de+le droit le 2ème année dans le cadre de+le module juridique ."
29,fradhds-upn_2283W_CR_CA_1984-12-17_TEI.s123,Mme ULLMO fait remarquer qu' il serait souhaitable que les membres du conseil aient sous les yeux les documents qui font l' objet du débat .,False,Monsieur ULLMO faire remarquer que il_expl être souhaitable que le membre de+le conseil avoir sous le œil le document qui faire le objet de+le débat .
29,fradhds-upn_2283W_CR_CA_1984-12-17_TEI.s124,"Elle est préoccupée de voir qu' à travers cette réforme , la pluridisciplinarité a beaucoup reculé après le 1er semestre .",False,"lui être préoccuper de voir que à travers ce réforme , le pluridisciplinarité avoir beaucoup reculer après le 1er semestre ."
30,fradhds-upn_2283W_CR_CA_1984-12-17_TEI.s125,M. IMBERTY déplore également l' absence de documents écrits .,False,Monsieur IMBERTY déplorer également le absence de document écrit .
30,fradhds-upn_2283W_CR_CA_1984-12-17_TEI.s126,Cette lacune en incombe aux U.E.R .,False,ce lacune en incomber à+le U.E.R .
31,fradhds-upn_2283W_CR_CA_1984-12-17_TEI.s127,"M. le Président ajoute qu' il a le sentiment que la pluridisciplinarité a progressé , ce projet va dans le sens d' une plus grande pluridisciplinarité .",False,"Monsieur le président ajouter que lui avoir le sentiment que le pluridisciplinarité avoir progresser , ce projet aller dans le sens de un plus grand pluridisciplinarité ."
31,fradhds-upn_2283W_CR_CA_1984-12-17_TEI.s128,"Il faut aussi considérer la pluridisciplinarité par rapport aux cadres nationaux ( D.E.U.G de Droit ) , et se rendre compte qu' à cet égard , le travail accompli n' est pas nul .",False,"il_expl falloir aussi considérer le pluridisciplinarité par rapport à+le cadre national ( D.E.U.G de droit ) , et se_expl rendre compte que à ce égard , le travail accompli ne être pas nul ."
32,fradhds-upn_2283W_CR_CA_1984-12-17_TEI.s129,M. le Président propose au conseil d' émettre un vote de principe sur l' ensemble des projets .,False,Monsieur le président proposer à+le conseil de émettre un vote de principe sur le ensemble de+le projet .
32,fradhds-upn_2283W_CR_CA_1984-12-17_TEI.s130,"Certains points pourront être rediscutés dans les commissions pédagogiques des U.E.R , à la commission des Etudes et reexaminés par le conseil d' Université , mais il est important que le conseil se prononce dès maintenant , pour que les dossiers soient transmis au Ministère pour le 20 décembre .",False,"certain point pouvoir être rediscuter dans le commission pédagogique de+le U.E.R , à le commission de+le Etudes et reexaminer par le conseil de université , mais il_expl être important que le conseil soi prononcer dès maintenant , pour que le dossier être transmettre à+le ministère pour le 20 décembre ."
32,fradhds-upn_2283W_CR_CA_1984-12-17_TEI.s131,Il déplore toutefois le peu de temps imparti aux Universités pour élaborer ces projets .,False,lui déplorer toutefois le peu de temps impartir à+le Universités pour élaborer ce projet .
32,fradhds-upn_2283W_CR_CA_1984-12-17_TEI.s132,Résultat du vote : 24 Pour - 14 Contre - 3 Abstentions,False,résultat de+le vote : 24 pour - 14 contre - 3 abstention
33,fradhds-upn_2283W_CR_CA_1984-12-17_TEI.s133,Les projets sont adoptés .,False,le projet être adopter .
34,fradhds-upn_2283W_CR_CA_1984-12-17_TEI.s134,M. DARRIULAT peut donner l' explication de son vote .,False,Monsieur DARRIULAT pouvoir donner le explication de son vote .
34,fradhds-upn_2283W_CR_CA_1984-12-17_TEI.s135,"Il n' est pas du tout favorable , à un vote global sur l' ensemble des projets .",False,"lui ne être pas de+le tout favorable , à un vote global sur le ensemble de+le projet ."
34,fradhds-upn_2283W_CR_CA_1984-12-17_TEI.s136,"Les étudiants de l' U.N.E.F - I.D continueront à prendre part aux discussions dans les U.E.R , pour que leurs revendication: soient présentées et leurs inquiétudes dissipées .",False,"le étudiant de le U.N.E.F - I.D continuer à prendre part à+le discussion dans le U.E.R , pour que son revendication: être présenter et son inquiétude dissiper ."
35,fradhds-upn_2283W_CR_CA_1984-12-17_TEI.s137,"M. LABUSSIERE est d' accord avec les propos tenus par M. DARRIULAT , il y a trop de zones d' ombre .",False,"Monsieur LABUSSIERE être de accord avec le propos tenir par Monsieur DARRIULAT , il_expl y avoir trop de zone de ombre ."
35,fradhds-upn_2283W_CR_CA_1984-12-17_TEI.s138,"De plus , il est opposé à la création de D.E.U.G du type Droit / Lettres , tout cela explique son vote négatif sur l' ensemble des projets .",False,"de plus , lui être opposer à le création de D.E.U.G de+le type droit / lettre , tout cela expliquer son vote négatif sur le ensemble de+le projet ."
36,fradhds-upn_2283W_CR_CA_1984-12-17_TEI.s140,"A la suite du départ de M. HUE , nommé Directeur de la B.D.I.C , le poste de Directeur de la B.U se trouve vacant .",False,"à le suite de+le départ de Monsieur HUE , nommer directeur de le B.D.I.C , le poste de directeur de le B.U se_expl trouver vacant ."
36,fradhds-upn_2283W_CR_CA_1984-12-17_TEI.s141,"Le Président résume la procédure de nomination : les déclarations de candidatures sont déposées auprès de la D.B.M.I.S.T , puis examinées par une C.A.P Nationale qui donne un avis , puis les résultats sont communiqués aux conseils de la B.U et de l' Université .",False,"le président résumer le procédure de nomination : le déclaration de candidature être déposer auprès de le D.B.M.I.S.T , puis examiner par un C.A.P national qui donner un avis , puis le résultat être communiquer à+le conseil de le B.U et de le université ."
36,fradhds-upn_2283W_CR_CA_1984-12-17_TEI.s142,"C' est en définitive , le Directeur de la D.B.M.I.S.T qui nomme le Directeur .",False,"ce être en définitive , le directeur de le D.B.M.I.S.T qui nommer le directeur ."
36,fradhds-upn_2283W_CR_CA_1984-12-17_TEI.s143,"Vers la mi-octobre , lorsque le poste a été déclaré vacant , le Président a su que Mle JULLIEN posait sa candidature .",False,"vers le mi-octobre , lorsque le poste avoir être déclarer vacant , le président avoir savoir que Mle JULLIEN poser son candidature ."
36,fradhds-upn_2283W_CR_CA_1984-12-17_TEI.s144,"Compte tenu de l' imbrication des services de la B.U et de la B.D.I.C , une harmonie entre les deux directions est souhaitable .",False,"compte tenir de le imbrication de+le service de le B.U et de le B.D.I.C , un harmonie entre le deux direction être souhaitable ."
36,fradhds-upn_2283W_CR_CA_1984-12-17_TEI.s145,"Une seconde candidature s' est fait connaître celle de Mle BALLY , conservatrice à la direction des Bibliothèques ( service de M. VARLOOT )",False,"un second candidature soi être faire connaître celui de Mle BALLY , conservateur à le direction de+le Bibliothèques ( service de Monsieur VARLOOT )"
37,fradhds-upn_2283W_CR_CA_1984-12-17_TEI.s146,M. le Président donne lecture de la lettre de M. VARLOOT au conseil ( voir annexe N° 3 ) .,False,Monsieur le président donner lecture de le lettre de Monsieur VARLOOT à+le conseil ( voir annexe N° 3 ) .
37,fradhds-upn_2283W_CR_CA_1984-12-17_TEI.s147,"Un élément dans cette procédure gêne le Président : aucune allusion n' est faite à la candidature de Mle JULLIEN , et la lettre ne donne aucune précision sur les résultats de la consultation de la commission administrative .",False,"un élément dans ce procédure gêner le président : aucun allusion ne être faire à le candidature de Mle JULLIEN , et le lettre ne donner aucun précision sur le résultat de le consultation de le commission administratif ."
37,fradhds-upn_2283W_CR_CA_1984-12-17_TEI.s148,"En définitive , M. VARLOOT a décidé de retenir la candidature de Mle BALLY .",False,"en définitive , Monsieur VARLOOT avoir décider de retenir le candidature de Mle BALLY ."
38,fradhds-upn_2283W_CR_CA_1984-12-17_TEI.s149,"Le Président transmet au conseil , les informations complémentaires qu' il vient d' obtenir téléphoniquement de la part de M. VARLOOT : "" La C.A.P s' est trouvée partagée , à égalité de voix entre les deux candidates "" .",False,"le président transmettre à+le conseil , le information complémentaire que lui venir de obtenir téléphoniquement de le part de Monsieur VARLOOT : "" le C.A.P se_expl être trouver partager , à égalité de voix entre le deux candidat "" ."
38,fradhds-upn_2283W_CR_CA_1984-12-17_TEI.s150,"Le Président a fait remarquer à M. VARLOOT , la maladresse commise , en saisissant le conseil sans l' informer du déroulement de la C.A.P et en lui demandant un avis sur une nomination déjà faite .",False,"le président avoir faire remarquer à Monsieur VARLOOT , le maladresse commettre , en saisir le conseil sans lui informer de+le déroulement de le C.A.P et en lui demander un avis sur un nomination déjà faire ."
38,fradhds-upn_2283W_CR_CA_1984-12-17_TEI.s151,"M. VARLOOT lui a répondu que sa décision n' était pas dirigée contre la personne de Mle JULLIEN , mais que la D.B.M.I.S.T souhaitait qu' une certaine mobilité s' instaure .",False,"Monsieur VARLOOT lui avoir répondre que son décision ne être pas diriger contre le personne de Mle JULLIEN , mais que le D.B.M.I.S.T souhaiter que un certain mobilité se_expl instaurer ."
38,fradhds-upn_2283W_CR_CA_1984-12-17_TEI.s152,"Le conseil de la B.U qui s' est réuni le 14 décembre , a défini sa position dans la motion suivante : "" Le conseil de la B.U a décidé de ne pas se prononcer sur la proposition de la D.B.M.I.S.T , estimant regrettable de n' avoir pas eu de choix entre les candidatures dont il est fait mention dans la lettre de l' Administration Centrale du 13 décembre 1984 "" ( texte adopté par 11 voix et 1 abstention ) .",True,"le conseil de le B.U qui se_expl être réunir le 14 décembre , avoir définir son position dans le motion suivant : "" le conseil de le B.U avoir décider de ne pas soi prononcer sur le proposition de le D.B.M.I.S.T , estimer regrettable de ne avoir pas avoir un choix entre le candidature dont lui être faire mention dans le lettre de le administration central du 13 décembre 1984 "" ( texte adopter par 11 voix et 1 abstention ) ."
39,fradhds-upn_2283W_CR_CA_1984-12-17_TEI.s153,"Le Président ajoute que Mle JULLIEN est au courant du désir de la D.B.M.I.S.T de vouloir instaurer cette mobilité , et les difficultés d' être nommée sur place .",False,"le président ajouter que Mle JULLIEN être à+le courant de+le désir de le D.B.M.I.S.T de vouloir instaurer ce mobilité , et le difficulté de être nommer sur place ."
39,fradhds-upn_2283W_CR_CA_1984-12-17_TEI.s154,"Malgré son voeu , elle ne désire pas être imposée de force à l' administration centrale .",False,"malgré son voeu , lui ne désirer pas être imposer de force à le administration central ."
40,fradhds-upn_2283W_CR_CA_1984-12-17_TEI.s155,Mme ULLMO fait remarquer que le vote de la C.A.P Nationale a conduit M. VARLOOT à trancher et choisir le candidat de l' administration .,False,Monsieur ULLMO faire remarquer que le vote de le C.A.P national avoir conduire Monsieur VARLOOT à trancher et choisir le candidat de le administration .
40,fradhds-upn_2283W_CR_CA_1984-12-17_TEI.s156,Elle pense qu' une consultation intervenue avant cette décision aurait sauvé l' image du conseil d' Université et du conseil de la B.U.,False,lui penser que un consultation intervenir avant ce décision avoir sauver le image de+le conseil de université et de+le conseil de le B.U.
40,fradhds-upn_2283W_CR_CA_1984-12-17_TEI.s157,Il aurait été plus correct de faire connaître cette égalité et de demander l' avis de la B.U et de l' Université .,False,il_expl avoir être plus correct de faire connaître ce égalité et de demander le avis de le B.U et de le université .
41,fradhds-upn_2283W_CR_CA_1984-12-17_TEI.s158,"Pour le principe et pour toutes ces raisons , Mme ULLMO propose un "" refus de vote "" .",False,"pour le principe et pour tout ce raison , Monsieur ULLMO proposer un "" refus de vote "" ."
42,fradhds-upn_2283W_CR_CA_1984-12-17_TEI.s159,"Mme RIOUX-SAHEZ fait remarquer la faiblesse de l' argument de la "" mobilité "" invoqué par la D.B.M.I.S.T.",False,"Monsieur RIOUX-SAHEZ faire remarquer le faiblesse de le argument de le "" mobilité "" invoquer par le D.B.M.I.S.T."
42,fradhds-upn_2283W_CR_CA_1984-12-17_TEI.s160,"La volonté d' établir une coordination Université / B.U , manifestée par Mle JULLIEN , en participant aux différentes commissions de bibliothèques , est un argument en sa faveur .",False,"le volonté de établir un coordination université / B.U , manifester par Mle JULLIEN , en participer à+le différent commission de bibliothèque , être un argument en son faveur ."
43,fradhds-upn_2283W_CR_CA_1984-12-17_TEI.s161,"M. PIN signale qu' à plusieurs reprises à la Faculté de Médecine , les Directeurs étaient nommés sur place .",False,"Monsieur Pin signaler que à plusieurs reprise à le faculté de médecine , le directeur être nommer sur place ."
44,fradhds-upn_2283W_CR_CA_1984-12-17_TEI.s162,"Mme DALIGAND demande s' il est possible de voter pour Mle JULLIEN , alors que son nom n' a pas été proposé .",False,"Monsieur DALIGAND demander si il_expl être possible de voter pour Mle JULLIEN , alors que son nom ne avoir pas être proposer ."
45,fradhds-upn_2283W_CR_CA_1984-12-17_TEI.s163,"M. LLAU propose un refus de vote du conseil d' Université , assorti d' une motion favorable à Mle JULLIEN .",False,"Monsieur LLAU proposer un refus de vote de+le conseil de université , assortir de un motion favorable à Mle JULLIEN ."
46,fradhds-upn_2283W_CR_CA_1984-12-17_TEI.s164,"M. RODRIGUEZ ajoute que le vote du conseil de la B.U n' était pas un vote de défiance à l' égard de Mle BALLY , mais un appel à un complément d' informations de la D.B.M.I.S.T , afin que la décision des conseils ne soit pas seulement formelle .",False,"Monsieur RODRIGUEZ ajouter que le vote de+le conseil de le B.U ne être pas un vote de défiance à le égard de Mle BALLY , mais un appel à un complément de information de le D.B.M.I.S.T , afin que le décision de+le conseil ne être pas seulement formel ."
47,fradhds-upn_2283W_CR_CA_1984-12-17_TEI.s165,Mme ULLMO pense qu' il faudrait adopter une attitude plus catégorique .,False,Monsieur ULLMO penser que il_expl falloir adopter un attitude plus catégorique .
48,fradhds-upn_2283W_CR_CA_1984-12-17_TEI.s166,Le Président insiste sur la nécessité de dissocier le problème des personnes de celui de la procédure où l' avis donné par l' Université ne sert à rien .,False,le président insister sur le nécessité de dissocier le problème de+le personne de celui de le procédure où le avis donner par le université ne servir à rien .
48,fradhds-upn_2283W_CR_CA_1984-12-17_TEI.s167,"En effet , le résultat à la C.A.P ( égalité de voix ) impliquait que l' Université ait connaissance des deux candidatures pour se prononcer .",False,"en effet , le résultat à le C.A.P ( égalité de voix ) impliquer que le université avoir connaissance de+le deux candidature pour se_expl prononcer ."
49,fradhds-upn_2283W_CR_CA_1984-12-17_TEI.s168,"Le Président donne lecture du texte suivant adressé à la D.B.M.I.S.T : "" Le conseil de l' Université , saisi par la Direction des bibliothèques d' une proposition de nomination d' un nouveau Directeur de la B.U :",False,"le président donner lecture de+le texte suivant adresser à le D.B.M.I.S.T : "" le conseil de le université , saisir par le Direction de+le bibliothèque de un proposition de nomination de un nouveau directeur de le B.U :"
49,fradhds-upn_2283W_CR_CA_1984-12-17_TEI.s169,déclare ne pas disposer des éléments lui permettant de donner un avis sur la candidature retenue ;,False,déclarer ne pas disposer un élément lui permettre de donner un avis sur le candidature retenir ;
49,fradhds-upn_2283W_CR_CA_1984-12-17_TEI.s170,regrette que le vote équilibré de la C.A.P ne se traduise pas par une transmission pour avis des deux candidatures arrivées à égalité ;,False,regretter que le vote équilibré de le C.A.P ne se_expl traduire pas par un transmission pour avis un deux candidature arriver à égalité ;
49,fradhds-upn_2283W_CR_CA_1984-12-17_TEI.s171,"demande à être saisi à nouveau pour s' exprimer sur ces deux candidatures """,False,"demander à être saisir à nouveau pour se_expl exprimer sur ce deux candidature """
50,fradhds-upn_2283W_CR_CA_1984-12-17_TEI.s172,Il est voté à l' unanimité .,False,lui être voter à le unanimité .
51,fradhds-upn_2283W_CR_CA_1984-12-17_TEI.s192,"M. LEMETTRE revient sur deux points : la région de Versailles , St Quentin , Rambouillet , est un ensemble urbain d' environ 400 000 habitants présentant :",False,"Monsieur LEMETTRE revenir sur deux point : le région de Versailles , Saint Quentin , Rambouillet , être un ensemble urbain de environ 400 000 habitant présenter :"
51,fradhds-upn_2283W_CR_CA_1984-12-17_TEI.s193,un pourcentage de population adulte ayant fait des études supérieures très supérieures à la moyenne ;,False,un pourcentage de population adulte avoir faire un étude supérieur très supérieur à le moyenne ;
51,fradhds-upn_2283W_CR_CA_1984-12-17_TEI.s194,une demande d' enseignement supérieur croissante ( population jeune ) .,False,un demande de enseignement supérieur croissant ( population jeune ) .
51,fradhds-upn_2283W_CR_CA_1984-12-17_TEI.s195,"Cette zone comporte des emplois industriels dans des activités de techniques avancées et des emplois du tertiaire qui utilisent une main-d'oeuvre fortement qualifié ' ( cadres , techniciens ... ) très supérieure à la moyenne ( 15 % d' emplois de conseils d' entreprise ) .",False,"ce zone comporter un emploi industriel dans un activité de technique avancer et un emploi de+le tertiaire qui utiliser un main-d'oeuvre fortement qualifier "" ( cadre , technicien ... ) très supérieur à le moyenne ( 15 % de emploi de conseil de entreprise ) ."
51,fradhds-upn_2283W_CR_CA_1984-12-17_TEI.s196,"Il y a des possibilités de relations , de débouchés qui s' adaptent à la spécificité de l' Université de Paris X Nanterre .",False,"il_expl y avoir un possibilité de relation , de débouché qui se_expl adapter à le spécificité de le université de Paris X Nanterre ."
51,fradhds-upn_2283W_CR_CA_1984-12-17_TEI.s197,La zone industrielle de St Quentin crée en net 2 000 à 3 000 emplois par an .,False,le zone industriel de Saint Quentin créer en net 2 000 à 3 000 emploi par an .
51,fradhds-upn_2283W_CR_CA_1984-12-17_TEI.s198,"Il est souhaitable que l' Université implante des formations de type D.E.U.S.T , ou plus classique , mais comportant un aspect scientifique et technique important et pouvant être développé en relation avec l' environnement .",False,"il_expl être souhaitable que le université implanter de+le formation de type D.E.U.S.T , ou plus classique , mais comporter un aspect scientifique et technique important et pouvoir être développer en relation avec le environnement ."
51,fradhds-upn_2283W_CR_CA_1984-12-17_TEI.s199,Il s' agit d' implanter à St Quentin-en-Yvelines une unité nouvelle à dominante économique combinant des diplômes de formation générale ( D.E.U.G Sciences Economiques ) et D.E.U.S.T.,False,il_expl se_expl agir de implanter à Saint Quentin-en-Yvelines un unité nouveau à dominante économique combiner un diplôme de formation général ( D.E.U.G Sciences économique ) et D.E.U.S.T.
51,fradhds-upn_2283W_CR_CA_1984-12-17_TEI.s200,Le premier semestre d' orientation est indifférencié entre D.E.U.G et D.E.U.S.T et les étudiants se répartiront selon leur capacité et leur choix en deux unités pédagogiques : Economie / Mathématiques ou Economie / Droit .,False,le premier semestre de orientation être indifférencier entre D.E.U.G et D.E.U.S.T et le étudiant soi répartir selon son capacité et son choix en deux unité pédagogique : économie / mathématique ou économie / droit .
51,fradhds-upn_2283W_CR_CA_1984-12-17_TEI.s201,"Après cette période d' orientation , les étudiants pourront se diriger vers l' une des voies suivantes :",False,"après ce période de orientation , le étudiant pouvoir soi diriger vers le un de+le voie suivant :"
51,fradhds-upn_2283W_CR_CA_1984-12-17_TEI.s202,"Economie /Mathématiques , possibilité de revenir en M.A.S.S à Nanterre ou de suivre un D.E.U.S.T d' informatique , un D.E.U.S.T de traitement de l' information économique et statistique ou le D.E.U.G de Sciences Economiques ;",False,"économie geathématique , possibilité de revenir en M.A.S.S à Nanterre ou de suivre un D.E.U.S.T de informatique , un D.E.U.S.T de traitement de le information économique et statistique ou le D.E.U.G de Sciences économique ;"
51,fradhds-upn_2283W_CR_CA_1984-12-17_TEI.s203,"Economie / Droit , possibilité de suivre le D.E.U.G de Sciences Economiques ou de Droit ou un D.E.U.S.T d' administration territoriale préparant à des concours .",False,"économie / droit , possibilité de suivre le D.E.U.G de science économique ou de droit ou un D.E.U.S.T de administration territorial préparer à un concours ."
51,fradhds-upn_2283W_CR_CA_1984-12-17_TEI.s204,Les étudiants titulaires d' un D.E.U.G ( Sciences Economiques ou Droit ) pourront aller vers les seconds cycles habituels .,False,le étudiant titulaire de un D.E.U.G ( Sciences économique ou droit ) pouvoir aller vers le second cycle habituel .
51,fradhds-upn_2283W_CR_CA_1984-12-17_TEI.s205,"Les étudiants titulaires d' un D.E.U.S.T s' orienteront vers la vie active ou , selon certaines règles ou rattrapages , vers une M.S.T correspondante .",False,"le étudiant titulaire de un D.E.U.S.T se_expl orienter vers le vie actif ou , selon certain règle ou rattrapage , vers un M.S.T correspondant ."
51,fradhds-upn_2283W_CR_CA_1984-12-17_TEI.s206,"Pour les étudiants qui , à l' issue du semestre d' orientation , choisiraient M.A.S.S ou Droit , ils devront revenir à Paris X .",False,"pour le étudiant qui , à le issue de+le semestre de orientation , choisir M.A.S.S ou droit , eux devoir revenir à Paris X ."
51,fradhds-upn_2283W_CR_CA_1984-12-17_TEI.s207,Paris X garde pratiquement intacts ses moyens pour encadrer ses propres étudiants .,False,Paris X garder pratiquement intact son moyen pour encadrer son propre étudiant .
51,fradhds-upn_2283W_CR_CA_1984-12-17_TEI.s208,"Ce qui est créé à St Quentin-en-Yvelines ne l' est pas / par départ d' une partie de Paris X , mais par création d' un établissement , ce qui signifie un ensemble de moyens supplémentaires à demander ( enseignants et A.T.O.S ) .",False,"ce qui être créer à Saint Quentin-en-Yvelines ne lui être pas / par départ de un partie de Paris X , mais par création de un établissement , ce qui signifier un ensemble de moyen supplémentaire à demander ( enseignant et A.T.O.S ) ."
51,fradhds-upn_2283W_CR_CA_1984-12-17_TEI.s209,Ces moyens seront alloués à l' Université .,False,ce moyen être allouer à le université .
51,fradhds-upn_2283W_CR_CA_1984-12-17_TEI.s210,"L' une des conditions pour que ce centre universitaire s' ouvre , c' est l' acceptation du dossier .",False,"le un de+le condition pour que ce centre universitaire se_expl ouvrir , ce être le acceptation de+le dossier ."
51,fradhds-upn_2283W_CR_CA_1984-12-17_TEI.s211,"Des enseignants de l' U.E.R de Sciences Economiques sont d' accord pour enseigner à St Quentin-en-Yvelines , d' autres acceptent d' aller y faire une partie de leur service .",False,"un enseignant de le U.E.R de Sciences économique être de accord pour enseigner à Saint Quentin-en-Yvelines , un autre accepter de aller y faire un partie de son service ."
51,fradhds-upn_2283W_CR_CA_1984-12-17_TEI.s212,"Pour les postes de personnels administratifs , la Ville Nouvelle a proposé de verser à l' Université l' équivalent de la charge du personnel géré par l' Université .",False,"pour le poste de personnel administratif , le Ville nouveau avoir proposer de verser à le université le équivalent de le charge de+le personnel gérer par le université ."
52,fradhds-upn_2283W_CR_CA_1984-12-17_TEI.s213,Mme ULLMO pense qu' il serait utile de pré-définir une étiquette pédagogique .,False,Monsieur ULLMO penser que il_expl être utile de pré-définir un étiquette pédagogique .
52,fradhds-upn_2283W_CR_CA_1984-12-17_TEI.s214,Enseignera -t-on selon les maquettes nanterroises ?,False,enseigner on selon le maquette nanterrois ?
52,fradhds-upn_2283W_CR_CA_1984-12-17_TEI.s215,Quel nom sera donné à cette nouvelle formation ?,False,quel nom être donner à ce nouveau formation ?
53,fradhds-upn_2283W_CR_CA_1984-12-17_TEI.s216,M. LEMETTRE précise que le D.E.U.G de Sciences Economiques sera délivré sous le label de Paris X ( diplôme national ) .,False,Monsieur LEMETTRE préciser que le D.E.U.G de Sciences économique être délivrer sous le label de Paris X ( diplôme national ) .
53,fradhds-upn_2283W_CR_CA_1984-12-17_TEI.s217,Les maquettes sont de même nature et pédagogiquement il n' y a aucune différence .,False,le maquette être de même nature et pédagogiquement il_expl ne y avoir aucun différence .
54,fradhds-upn_2283W_CR_CA_1984-12-17_TEI.s218,M. LEMETTRE ajoute que l' ensemble peut comporter un accueil supplémentaire d' étudiants .,False,Monsieur LEMETTRE ajouter que le ensemble pouvoir comporter un accueil supplémentaire de étudiant .
55,fradhds-upn_2283W_CR_CA_1984-12-17_TEI.s219,M. LLAU précise que la capacité d' accueil doit rester la même .,False,Monsieur LLAU préciser que le capacité de accueil devoir rester le même .
56,fradhds-upn_2283W_CR_CA_1984-12-17_TEI.s220,M. DARRIULAT affirme que c' est la condition sine qua non pour un accord des étudiants et demande que cela figure textuellement dans le projet St Quentin ( il ne doit y avoir aucune modification de la capacité d' accueil de l' U.E.R de Sciences Economiques de Paris X ) .,False,Monsieur DARRIULAT affirmer que ce être le condition sine qua non pour un accord de+le étudiant et demander que cela figurer textuellement dans le projet Saint Quentin ( lui ne devoir y avoir aucun modification de le capacité de accueil de le U.E.R de Sciences économique de Paris X ) .
56,fradhds-upn_2283W_CR_CA_1984-12-17_TEI.s221,Il ne faudrait pas s' engager sur un projet reposant uniquement sur des crédit qui pourraient être supprimés du jour au lendemain .,False,il_expl ne falloir pas soi engager sur un projet reposer uniquement sur un crédit qui pouvoir être supprimer de+le jour à+le lendemain .
56,fradhds-upn_2283W_CR_CA_1984-12-17_TEI.s222,Il ajoute qu' il faudrait une négociation très précise avec la région sur le problème de l' accueil .,False,lui ajouter que il_expl falloir un négociation très précis avec le région sur le problème de le accueil .
57,fradhds-upn_2283W_CR_CA_1984-12-17_TEI.s223,"M. LLAU souhaite que ce type de projet se développe , la demande de formation est grande et va encore se développer dans les années à venir .",False,"Monsieur LLAU souhaiter que ce type de projet se_expl développer , le demande de formation être grand et aller encore se_expl développer dans le année à venir ."
57,fradhds-upn_2283W_CR_CA_1984-12-17_TEI.s224,"Il propose de voter une motion ou un principe disant que l' Université de Paris X Nanterre qui soutient le projet de St Quentin-en-Yvelines , affirme qu' aucun étudiant inscrit à Nanterre ne sera envoyé à St Quentin-en-Yvelines , sauf demande expresse de sa part , qu' aucun enseignant ou administratif de Paris X n' assurera de service à St Quentin-en-Yvelines , sauf volontariat .",False,"lui proposer de voter un motion ou un principe dire que le université de Paris X Nanterre qui soutenir le projet de Saint Quentin-en-Yvelines , affirmer que aucun étudiant inscrire à Nanterre ne être envoyer à Saint Quentin-en-Yvelines , sauf demande exprès de son part , que aucun enseignant ou administratif de Paris X ne assurer de service à Saint Quentin-en-Yvelines , sauf volontariat ."
58,fradhds-upn_2283W_CR_CA_1984-12-17_TEI.s225,"En matière de local , M. LEMETTRE précise que St Quentin dispose d' un bâtiment de 4 000 M2 + un bâtiment administratif de 300 M2 situés à proximité de la gare de Trappes",False,"en matière de local , Monsieur LEMETTRE préciser que Saint Quentin disposer de un bâtiment de 4 000 M2 + un bâtiment administratif de 300 M2 situer à proximité de le gare de Trappes"
58,fradhds-upn_2283W_CR_CA_1984-12-17_TEI.s226,La Ville Nouvelle est disposée à accueillir les équipes de recherche souhaitant s' installer à St Quentin-en-Yvelines .,False,le ville nouveau être disposer à accueillir le équipe de recherche souhaiter soi installer à Saint Quentin-en-Yvelines .
59,fradhds-upn_2283W_CR_CA_1984-12-17_TEI.s227,M. le Président demande s' il y a des oppositions à la transmission de ce projet dans les conditions qui viennent d' être précisées .,False,Monsieur le président demander si il_expl y avoir un opposition à le transmission de ce projet dans le condition qui venir de être préciser .
60,fradhds-upn_2283W_CR_CA_1984-12-17_TEI.s228,"Avant de procéder au vote , le Président donne lecture d' une lettre du secrétariat d' Etat aux Universités adressée à M. MALENDIN , Député des Yvelines :",False,"avant de procéder à+le vote , le président donner lecture de un lettre de+le secrétariat de état à+le université adresser à Monsieur MALENDIN , député de+le Yvelines :"
60,fradhds-upn_2283W_CR_CA_1984-12-17_TEI.s229,""" Je vous confirme bien volontiers que j' ai donné instruction à mes services pour que vos projets de collaboration avec l' Université de Paris X Nanterre , notamment dans le cadre d' une implantation d' un 1er cycle universitaire de St Quentin-en-Yvelines fasse l' objet d' une instruction favorable "" .",False,""" moi vous confirmer bien volontiers que moi avoir donner instruction à son service pour que son projet de collaboration avec le université de Paris X Nanterre , notamment dans le cadre de un implantation de un 1er cycle universitaire de Saint Quentin-en-Yvelines faire le objet de un instruction favorable "" ."
61,fradhds-upn_2283W_CR_CA_1984-12-17_TEI.s230,"A l' unanimité , le conseil est favorable à la transmission au Ministère du dossier St Quentin-en-Yvelines .",False,"à le unanimité , le conseil être favorable à le transmission à+le ministère de+le dossier Saint Quentin-en-Yvelines ."
62,fradhds-upn_2283W_CR_CA_1984-12-17_TEI.s233,Bureau d' études de 2ème année ( I.U.T de Ville d' Avray ) .,False,bureau de étude de 2ème année ( I.U.T de ville de Avray ) .
62,fradhds-upn_2283W_CR_CA_1984-12-17_TEI.s234,Accord unanime du conseil .,False,accord unanime de+le conseil .
63,fradhds-upn_2283W_CR_CA_1984-12-17_TEI.s237,Aucune opposition du conseil .,False,aucun opposition de+le conseil .
64,fradhds-upn_2283W_CR_CA_1984-12-17_TEI.s242,Accord unanime du conseil .,False,accord unanime de+le conseil .
65,fradhds-upn_2283W_CR_CA_1984-12-17_TEI.s246,La séance est levée à 18 h .,False,le séance être lever à 18 heure .
